refund_id,order_id,refund_date,refund_amount,refund_reason
REF500000,ORD100035,2025-10-05,16.85,Not as described
REF500001,ORD100052,2025-10-05,30.95,Changed mind
REF500002,ORD100099,2025-10-06,38.95,Skin reaction
REF500003,ORD100101,2025-09-29,50.95,Changed mind
REF500004,ORD100108,2025-10-07,96.0,Skin reaction
REF500005,ORD100114,2025-09-20,290.0,Not as described
REF500006,ORD100173,2025-10-05,14.48,Changed mind
REF500007,ORD100174,2025-09-27,30.65,Not as described
REF500008,ORD100209,2025-10-04,105.21,Not as described
REF500009,ORD100239,2025-09-27,34.18,Damaged in transit
REF500010,ORD100318,2025-10-02,26.84,Arrived late
REF500011,ORD100326,2025-09-28,93.55,Skin reaction
REF500012,ORD100329,2025-09-29,28.95,Skin reaction
REF500013,ORD100334,2025-10-11,104.08,Damaged in transit
REF500014,ORD100341,2025-09-26,27.48,Changed mind
REF500015,ORD100363,2025-09-30,49.63,Skin reaction
REF500016,ORD100416,2025-10-11,40.95,Changed mind
REF500017,ORD100442,2025-10-10,122.63,Damaged in transit
REF500018,ORD100444,2025-10-09,52.99,Changed mind
REF500019,ORD100461,2025-10-10,54.95,Damaged in transit
REF500020,ORD100482,2025-10-13,44.19,Damaged in transit
REF500021,ORD100504,2025-10-01,30.56,Changed mind
REF500022,ORD100543,2025-10-20,155.26,Changed mind
REF500023,ORD100554,2025-10-07,44.8,Not as described
REF500024,ORD100555,2025-10-03,30.95,Not as described
REF500025,ORD100567,2025-10-12,44.72,Skin reaction
REF500026,ORD100584,2025-10-18,41.46,Skin reaction
REF500027,ORD100593,2025-10-09,55.85,Skin reaction
REF500028,ORD100621,2025-10-16,114.0,Arrived late
REF500029,ORD100623,2025-10-14,59.88,Changed mind
REF500030,ORD100635,2025-10-20,91.52,Skin reaction
REF500031,ORD100642,2025-10-18,96.0,Damaged in transit
REF500032,ORD100649,2025-10-21,42.82,Skin reaction
REF500033,ORD100657,2025-10-08,34.95,Changed mind
REF500034,ORD100669,2025-10-17,33.9,Changed mind
REF500035,ORD100682,2025-10-09,54.95,Skin reaction
REF500036,ORD100713,2025-10-10,62.95,Skin reaction
REF500037,ORD100719,2025-10-19,54.95,Not as described
REF500038,ORD100731,2025-10-14,14.44,Damaged in transit
REF500039,ORD100738,2025-10-13,18.49,Damaged in transit
REF500040,ORD100740,2025-10-19,168.0,Damaged in transit
REF500041,ORD100742,2025-10-13,84.0,Arrived late
REF500042,ORD100746,2025-10-23,54.53,Skin reaction
REF500043,ORD100765,2025-10-18,54.95,Arrived late
REF500044,ORD100797,2025-10-11,62.3,Skin reaction
REF500045,ORD100799,2025-10-13,42.41,Arrived late
REF500046,ORD100805,2025-10-18,48.5,Damaged in transit
REF500047,ORD100811,2025-10-10,31.48,Damaged in transit
REF500048,ORD100837,2025-10-10,24.51,Changed mind
REF500049,ORD100858,2025-10-13,27.48,Changed mind
REF500050,ORD100867,2025-10-22,34.38,Skin reaction
REF500051,ORD100905,2025-10-16,48.0,Not as described
REF500052,ORD100932,2025-10-14,103.81,Skin reaction
REF500053,ORD100935,2025-10-15,72.91,Changed mind
REF500054,ORD100943,2025-10-20,118.33,Changed mind
REF500055,ORD100947,2025-10-21,103.92,Not as described
REF500056,ORD100954,2025-10-18,184.54,Changed mind
REF500057,ORD100968,2025-10-23,49.12,Skin reaction
REF500058,ORD100976,2025-10-27,58.95,Damaged in transit
REF500059,ORD100987,2025-10-24,96.0,Skin reaction
REF500060,ORD100992,2025-10-15,78.03,Arrived late
REF500061,ORD101021,2025-10-26,44.95,Changed mind
REF500062,ORD101077,2025-11-02,58.95,Not as described
REF500063,ORD101082,2025-11-01,156.0,Changed mind
REF500064,ORD101090,2025-10-25,38.95,Changed mind
REF500065,ORD101095,2025-11-02,42.28,Changed mind
REF500066,ORD101099,2025-10-23,54.95,Changed mind
REF500067,ORD101124,2025-10-21,114.0,Changed mind
REF500068,ORD101143,2025-10-31,53.02,Changed mind
REF500069,ORD101163,2025-10-31,244.47,Not as described
REF500070,ORD101209,2025-10-29,178.58,Skin reaction
REF500071,ORD101214,2025-11-03,68.44,Changed mind
REF500072,ORD101215,2025-11-06,40.95,Skin reaction
REF500073,ORD101223,2025-11-01,104.0,Changed mind
REF500074,ORD101224,2025-10-27,103.13,Changed mind
REF500075,ORD101231,2025-10-27,38.95,Damaged in transit
REF500076,ORD101245,2025-10-23,39.48,Changed mind
REF500077,ORD101267,2025-10-24,37.33,Skin reaction
REF500078,ORD101305,2025-10-25,37.54,Changed mind
REF500079,ORD101309,2025-10-24,124.37,Changed mind
REF500080,ORD101311,2025-11-02,66.94,Changed mind
REF500081,ORD101351,2025-11-09,22.11,Not as described
REF500082,ORD101385,2025-10-31,67.05,Skin reaction
REF500083,ORD101396,2025-11-05,135.83,Changed mind
REF500084,ORD101399,2025-11-04,59.34,Not as described
REF500085,ORD101451,2025-11-06,33.68,Not as described
REF500086,ORD101491,2025-11-01,54.95,Skin reaction
REF500087,ORD101496,2025-11-14,62.95,Skin reaction
REF500088,ORD101500,2025-11-12,63.23,Changed mind
REF500089,ORD101506,2025-11-12,29.74,Changed mind
REF500090,ORD101515,2025-11-04,96.0,Damaged in transit
REF500091,ORD101536,2025-11-14,98.0,Changed mind
REF500092,ORD101546,2025-11-17,154.19,Skin reaction
REF500093,ORD101549,2025-10-30,35.27,Skin reaction
REF500094,ORD101552,2025-10-30,54.95,Skin reaction
REF500095,ORD101581,2025-11-17,59.25,Not as described
REF500096,ORD101586,2025-11-08,50.9,Changed mind
REF500097,ORD101608,2025-11-07,20.73,Changed mind
REF500098,ORD101617,2025-11-09,53.07,Changed mind
REF500099,ORD101638,2025-11-14,20.48,Not as described
REF500100,ORD101640,2025-11-19,67.26,Damaged in transit
REF500101,ORD101668,2025-11-15,49.75,Changed mind
REF500102,ORD101678,2025-11-13,145.0,Arrived late
REF500103,ORD101691,2025-11-15,33.44,Changed mind
REF500104,ORD101712,2025-11-08,38.95,Arrived late
REF500105,ORD101716,2025-11-11,47.67,Not as described
REF500106,ORD101720,2025-11-05,36.06,Not as described
REF500107,ORD101736,2025-11-11,31.94,Skin reaction
REF500108,ORD101737,2025-11-12,48.81,Skin reaction
REF500109,ORD101789,2025-11-05,15.48,Arrived late
REF500110,ORD101796,2025-11-24,47.53,Skin reaction
REF500111,ORD101805,2025-11-10,68.44,Changed mind
REF500112,ORD101809,2025-11-21,162.89,Changed mind
REF500113,ORD101810,2025-11-24,52.27,Damaged in transit
REF500114,ORD101822,2025-11-10,84.0,Not as described
REF500115,ORD101824,2025-11-08,118.31,Changed mind
REF500116,ORD101833,2025-11-08,37.92,Not as described
REF500117,ORD101861,2025-11-20,51.91,Changed mind
REF500118,ORD101867,2025-11-15,58.95,Changed mind
REF500119,ORD101874,2025-11-08,55.34,Damaged in transit
REF500120,ORD101886,2025-11-23,31.48,Skin reaction
REF500121,ORD101891,2025-11-15,15.74,Skin reaction
REF500122,ORD101900,2025-11-14,31.14,Changed mind
REF500123,ORD101905,2025-11-14,68.14,Changed mind
REF500124,ORD101939,2025-11-17,59.08,Skin reaction
REF500125,ORD101947,2025-11-23,93.29,Skin reaction
REF500126,ORD101956,2025-11-20,64.12,Skin reaction
REF500127,ORD101959,2025-11-14,102.71,Changed mind
REF500128,ORD101969,2025-11-19,30.95,Arrived late
REF500129,ORD101991,2025-11-21,48.57,Not as described
REF500130,ORD102001,2025-11-14,15.48,Arrived late
REF500131,ORD102006,2025-11-22,54.95,Changed mind
REF500132,ORD102009,2025-11-26,56.76,Changed mind
REF500133,ORD102011,2025-11-14,74.95,Changed mind
REF500134,ORD102049,2025-11-27,58.17,Changed mind
REF500135,ORD102058,2025-11-19,74.95,Skin reaction
REF500136,ORD102060,2025-11-25,144.95,Arrived late
REF500137,ORD102084,2025-11-21,102.63,Skin reaction
REF500138,ORD102095,2025-11-19,32.7,Not as described
REF500139,ORD102098,2025-11-19,46.77,Arrived late
REF500140,ORD102100,2025-11-17,58.95,Damaged in transit
REF500141,ORD102113,2025-11-22,65.7,Not as described
REF500142,ORD102123,2025-11-22,62.51,Damaged in transit
REF500143,ORD102139,2025-11-24,57.75,Skin reaction
REF500144,ORD102158,2025-11-18,27.48,Skin reaction
REF500145,ORD102167,2025-11-22,62.95,Skin reaction
REF500146,ORD102177,2025-11-28,37.22,Damaged in transit
REF500147,ORD102181,2025-11-20,52.07,Damaged in transit
REF500148,ORD102184,2025-11-28,83.79,Not as described
REF500149,ORD102196,2025-11-30,22.27,Arrived late
REF500150,ORD102209,2025-11-19,52.33,Changed mind
REF500151,ORD102215,2025-12-01,48.84,Damaged in transit
REF500152,ORD102226,2025-11-24,56.39,Damaged in transit
REF500153,ORD102233,2025-11-24,80.57,Not as described
REF500154,ORD102249,2025-11-25,74.95,Arrived late
REF500155,ORD102257,2025-11-30,30.95,Skin reaction
REF500156,ORD102264,2025-12-01,85.2,Damaged in transit
REF500157,ORD102282,2025-12-03,48.35,Changed mind
REF500158,ORD102294,2025-11-27,74.95,Changed mind
REF500159,ORD102313,2025-11-25,59.42,Skin reaction
REF500160,ORD102338,2025-12-08,42.26,Skin reaction
REF500161,ORD102348,2025-11-30,15.48,Damaged in transit
REF500162,ORD102368,2025-12-09,27.48,Changed mind
REF500163,ORD102397,2025-12-09,19.48,Arrived late
REF500164,ORD102399,2025-12-09,84.0,Damaged in transit
REF500165,ORD102404,2025-11-27,55.53,Changed mind
REF500166,ORD102418,2025-12-04,31.48,Changed mind
REF500167,ORD102439,2025-12-01,106.53,Changed mind
REF500168,ORD102473,2025-12-11,28.59,Not as described
REF500169,ORD102481,2025-12-04,103.48,Damaged in transit
REF500170,ORD102524,2025-12-05,104.0,Arrived late
REF500171,ORD102530,2025-11-25,62.95,Skin reaction
REF500172,ORD102533,2025-12-09,34.95,Skin reaction
REF500173,ORD102536,2025-12-13,19.48,Skin reaction
REF500174,ORD102537,2025-11-27,22.48,Arrived late
REF500175,ORD102541,2025-12-06,29.32,Changed mind
REF500176,ORD102560,2025-11-27,98.0,Damaged in transit
REF500177,ORD102580,2025-12-07,101.13,Damaged in transit
REF500178,ORD102589,2025-12-03,40.95,Not as described
REF500179,ORD102594,2025-12-15,93.75,Skin reaction
REF500180,ORD102599,2025-12-01,84.48,Skin reaction
REF500181,ORD102603,2025-12-01,24.42,Skin reaction
REF500182,ORD102604,2025-12-05,55.79,Skin reaction
REF500183,ORD102614,2025-11-30,17.08,Not as described
REF500184,ORD102649,2025-11-28,77.12,Arrived late
REF500185,ORD102661,2025-11-29,20.48,Changed mind
REF500186,ORD102664,2025-11-29,49.18,Not as described
REF500187,ORD102671,2025-12-16,56.07,Damaged in transit
REF500188,ORD102684,2025-12-15,11.38,Changed mind
REF500189,ORD102700,2025-12-03,23.1,Changed mind
REF500190,ORD102712,2025-12-12,35.61,Not as described
REF500191,ORD102716,2025-12-09,354.76,Skin reaction
REF500192,ORD102717,2025-12-02,29.57,Not as described
REF500193,ORD102759,2025-11-30,50.19,Skin reaction
REF500194,ORD102805,2025-12-17,48.95,Not as described
REF500195,ORD102841,2025-12-01,44.95,Arrived late
REF500196,ORD102845,2025-12-16,24.13,Changed mind
REF500197,ORD102856,2025-12-01,77.53,Skin reaction
REF500198,ORD102884,2025-11-30,43.68,Arrived late
REF500199,ORD102885,2025-12-11,28.44,Not as described
REF500200,ORD102931,2025-12-01,127.12,Not as described
REF500201,ORD102943,2025-12-11,242.47,Damaged in transit
REF500202,ORD102964,2025-12-12,25.82,Skin reaction
REF500203,ORD102983,2025-12-11,24.3,Changed mind
REF500204,ORD102992,2025-12-04,41.32,Skin reaction
REF500205,ORD103008,2025-12-14,26.3,Damaged in transit
REF500206,ORD103037,2025-12-03,29.02,Damaged in transit
REF500207,ORD103068,2025-12-10,14.48,Damaged in transit
REF500208,ORD103075,2025-12-08,242.72,Changed mind
REF500209,ORD103088,2025-12-12,77.25,Skin reaction
REF500210,ORD103089,2025-12-16,76.5,Not as described
REF500211,ORD103108,2025-12-15,48.34,Changed mind
REF500212,ORD103135,2025-12-09,27.48,Changed mind
REF500213,ORD103145,2025-12-09,461.07,Changed mind
REF500214,ORD103159,2025-12-05,156.14,Damaged in transit
REF500215,ORD103177,2025-12-05,101.91,Not as described
REF500216,ORD103208,2025-12-13,52.23,Skin reaction
REF500217,ORD103219,2025-12-21,45.85,Changed mind
REF500218,ORD103229,2025-12-20,37.84,Arrived late
REF500219,ORD103250,2025-12-06,15.56,Skin reaction
REF500220,ORD103263,2025-12-18,16.72,Skin reaction
REF500221,ORD103294,2025-12-22,84.0,Skin reaction
REF500222,ORD103314,2025-12-15,105.42,Skin reaction
REF500223,ORD103315,2025-12-19,13.29,Skin reaction
REF500224,ORD103325,2025-12-05,37.82,Arrived late
REF500225,ORD103327,2025-12-06,166.79,Arrived late
REF500226,ORD103338,2025-12-21,68.73,Changed mind
REF500227,ORD103345,2025-12-12,59.3,Skin reaction
REF500228,ORD103349,2025-12-22,118.67,Skin reaction
REF500229,ORD103357,2025-12-07,47.47,Skin reaction
REF500230,ORD103363,2025-12-22,48.65,Changed mind
REF500231,ORD103367,2025-12-10,99.2,Changed mind
REF500232,ORD103376,2025-12-17,76.45,Changed mind
REF500233,ORD103387,2025-12-23,45.91,Not as described
REF500234,ORD103394,2025-12-15,46.23,Arrived late
REF500235,ORD103407,2025-12-05,35.66,Skin reaction
REF500236,ORD103425,2025-12-15,37.55,Not as described
REF500237,ORD103430,2025-12-13,92.9,Damaged in transit
REF500238,ORD103435,2025-12-12,41.88,Skin reaction
REF500239,ORD103438,2025-12-15,38.15,Not as described
REF500240,ORD103444,2025-12-22,62.91,Damaged in transit
REF500241,ORD103458,2025-12-08,94.37,Skin reaction
REF500242,ORD103470,2025-12-10,30.95,Not as described
REF500243,ORD103480,2025-12-15,48.68,Changed mind
REF500244,ORD103512,2025-12-08,46.68,Arrived late
REF500245,ORD103627,2025-12-27,38.95,Not as described
REF500246,ORD103660,2025-12-12,281.21,Not as described
REF500247,ORD103691,2025-12-12,48.21,Changed mind
REF500248,ORD103714,2025-12-18,54.95,Skin reaction
REF500249,ORD103720,2025-12-21,19.48,Changed mind
REF500250,ORD103734,2025-12-16,58.08,Not as described
REF500251,ORD103745,2025-12-22,89.6,Changed mind
REF500252,ORD103757,2025-12-18,54.95,Changed mind
REF500253,ORD103770,2025-12-13,38.95,Skin reaction
REF500254,ORD103790,2025-12-20,43.7,Skin reaction
REF500255,ORD103800,2025-12-28,44.95,Not as described
REF500256,ORD103806,2025-12-24,104.26,Skin reaction
REF500257,ORD103808,2025-12-19,104.07,Damaged in transit
REF500258,ORD103811,2025-12-22,28.63,Not as described
REF500259,ORD103822,2025-12-23,38.18,Damaged in transit
REF500260,ORD103833,2025-12-18,423.35,Skin reaction
REF500261,ORD103846,2025-12-25,96.0,Changed mind
REF500262,ORD103856,2025-12-23,19.48,Arrived late
REF500263,ORD103867,2025-12-14,145.0,Not as described
REF500264,ORD103887,2025-12-21,89.95,Changed mind
REF500265,ORD103895,2025-12-24,48.57,Changed mind
REF500266,ORD103896,2025-12-15,67.51,Changed mind
REF500267,ORD103899,2025-12-24,32.72,Changed mind
REF500268,ORD103916,2025-12-21,59.67,Not as described
REF500269,ORD103933,2025-12-31,68.81,Damaged in transit
REF500270,ORD103940,2025-12-24,122.58,Changed mind
REF500271,ORD103981,2025-12-20,34.95,Changed mind
REF500272,ORD104019,2025-12-25,177.04,Changed mind
REF500273,ORD104072,2025-12-30,78.95,Arrived late
REF500274,ORD104077,2025-12-19,48.01,Skin reaction
REF500275,ORD104097,2025-12-18,28.95,Changed mind
REF500276,ORD104100,2025-12-28,58.95,Damaged in transit
REF500277,ORD104104,2025-12-31,38.0,Arrived late
REF500278,ORD104122,2025-12-18,102.73,Changed mind
REF500279,ORD104129,2025-12-31,50.95,Changed mind
REF500280,ORD104147,2025-12-29,96.0,Arrived late
REF500281,ORD104152,2025-12-27,48.95,Changed mind
REF500282,ORD104153,2025-12-28,34.76,Changed mind
REF500283,ORD104202,2025-12-29,20.5,Arrived late
REF500284,ORD104212,2026-01-02,85.86,Changed mind
REF500285,ORD104221,2025-12-21,44.95,Damaged in transit
REF500286,ORD104226,2026-01-02,54.95,Not as described
REF500287,ORD104257,2025-12-26,54.95,Changed mind
REF500288,ORD104258,2026-01-02,96.0,Changed mind
REF500289,ORD104267,2025-12-24,38.01,Skin reaction
REF500290,ORD104272,2025-12-21,62.95,Changed mind
REF500291,ORD104297,2025-12-27,66.87,Arrived late
REF500292,ORD104312,2026-01-04,33.57,Damaged in transit
REF500293,ORD104322,2025-12-26,62.95,Skin reaction
REF500294,ORD104339,2026-01-09,90.59,Arrived late
REF500295,ORD104358,2026-01-03,82.67,Not as described
REF500296,ORD104370,2026-01-03,49.96,Skin reaction
REF500297,ORD104375,2026-01-04,90.55,Damaged in transit
REF500298,ORD104380,2025-12-30,22.48,Skin reaction
REF500299,ORD104396,2025-12-26,48.95,Not as described
REF500300,ORD104397,2025-12-26,48.37,Damaged in transit
REF500301,ORD104400,2025-12-28,29.48,Not as described
REF500302,ORD104405,2026-01-10,78.98,Damaged in transit
REF500303,ORD104418,2025-12-27,28.74,Not as described
REF500304,ORD104420,2026-01-05,19.48,Changed mind
REF500305,ORD104427,2025-12-31,54.95,Changed mind
REF500306,ORD104433,2026-01-08,80.29,Not as described
REF500307,ORD104441,2026-01-03,58.5,Changed mind
REF500308,ORD104486,2025-12-26,14.48,Skin reaction
REF500309,ORD104506,2026-01-01,112.92,Damaged in transit
REF500310,ORD104508,2026-01-04,25.61,Skin reaction
REF500311,ORD104520,2026-01-05,38.95,Skin reaction
REF500312,ORD104526,2025-12-30,42.27,Damaged in transit
REF500313,ORD104535,2025-12-27,29.48,Arrived late
REF500314,ORD104580,2026-01-12,74.95,Changed mind
REF500315,ORD104582,2026-01-14,186.02,Not as described
REF500316,ORD104584,2025-12-29,48.95,Not as described
REF500317,ORD104589,2025-12-27,30.95,Not as described
REF500318,ORD104590,2026-01-12,33.52,Arrived late
REF500319,ORD104592,2026-01-11,24.48,Changed mind
REF500320,ORD104593,2026-01-08,54.95,Not as described
REF500321,ORD104623,2026-01-09,89.09,Skin reaction
REF500322,ORD104658,2026-01-07,144.99,Not as described
REF500323,ORD104671,2026-01-05,96.0,Changed mind
REF500324,ORD104676,2026-01-12,27.48,Skin reaction
REF500325,ORD104690,2026-01-10,20.56,Not as described
REF500326,ORD104697,2026-01-08,23.23,Changed mind
REF500327,ORD104710,2026-01-08,59.78,Changed mind
REF500328,ORD104723,2026-01-19,48.95,Changed mind
REF500329,ORD104736,2026-01-09,48.87,Changed mind
REF500330,ORD104744,2026-01-13,47.96,Not as described
REF500331,ORD104756,2026-01-20,127.0,Damaged in transit
REF500332,ORD104775,2026-01-09,103.26,Changed mind
REF500333,ORD104780,2026-01-14,30.7,Arrived late
REF500334,ORD104791,2026-01-05,112.0,Changed mind
REF500335,ORD104800,2026-01-19,48.95,Skin reaction
REF500336,ORD104808,2026-01-12,74.2,Skin reaction
REF500337,ORD104847,2026-01-15,46.53,Arrived late
REF500338,ORD104849,2026-01-19,56.65,Damaged in transit
REF500339,ORD104865,2026-01-24,54.95,Skin reaction
REF500340,ORD104891,2026-01-25,77.22,Damaged in transit
REF500341,ORD104904,2026-01-26,48.95,Changed mind
REF500342,ORD104910,2026-01-24,85.09,Not as described
REF500343,ORD104928,2026-01-24,24.48,Changed mind
REF500344,ORD104976,2026-01-13,580.0,Skin reaction
REF500345,ORD104979,2026-01-16,33.23,Changed mind
REF500346,ORD105000,2026-01-20,33.67,Changed mind
REF500347,ORD105009,2026-01-15,34.89,Not as described
REF500348,ORD105022,2026-01-18,51.32,Damaged in transit
REF500349,ORD105044,2026-01-20,16.7,Damaged in transit
REF500350,ORD105058,2026-01-28,44.43,Skin reaction
REF500351,ORD105084,2026-01-18,47.58,Skin reaction
REF500352,ORD105098,2026-01-23,435.0,Changed mind
REF500353,ORD105099,2026-01-29,43.52,Skin reaction
REF500354,ORD105102,2026-01-17,93.71,Changed mind
REF500355,ORD105122,2026-01-23,43.23,Changed mind
REF500356,ORD105126,2026-01-26,34.95,Arrived late
REF500357,ORD105128,2026-01-29,44.52,Not as described
REF500358,ORD105130,2026-01-19,66.41,Not as described
REF500359,ORD105139,2026-01-19,38.95,Arrived late
REF500360,ORD105141,2026-01-17,60.65,Skin reaction
REF500361,ORD105165,2026-01-28,40.75,Damaged in transit
REF500362,ORD105172,2026-01-22,36.76,Not as described
REF500363,ORD105190,2026-01-29,67.08,Skin reaction
REF500364,ORD105238,2026-02-02,27.48,Damaged in transit
REF500365,ORD105249,2026-01-25,21.82,Damaged in transit
REF500366,ORD105269,2026-01-23,38.95,Damaged in transit
REF500367,ORD105302,2026-01-25,28.95,Arrived late
REF500368,ORD105310,2026-01-30,80.8,Arrived late
REF500369,ORD105316,2026-01-21,30.95,Arrived late
REF500370,ORD105327,2026-01-23,54.95,Skin reaction
REF500371,ORD105336,2026-01-28,44.95,Skin reaction
REF500372,ORD105350,2026-01-30,54.95,Arrived late
REF500373,ORD105400,2026-02-03,58.92,Changed mind
REF500374,ORD105404,2026-02-08,31.48,Damaged in transit
REF500375,ORD105413,2026-01-27,26.77,Changed mind
REF500376,ORD105415,2026-01-29,38.98,Changed mind
REF500377,ORD105417,2026-02-07,109.87,Changed mind
REF500378,ORD105460,2026-01-25,52.5,Skin reaction
REF500379,ORD105464,2026-01-28,58.08,Skin reaction
REF500380,ORD105468,2026-01-31,145.0,Skin reaction
REF500381,ORD105483,2026-02-12,75.86,Changed mind
REF500382,ORD105503,2026-02-12,103.68,Changed mind
REF500383,ORD105514,2026-01-29,39.09,Changed mind
REF500384,ORD105577,2026-02-07,33.15,Damaged in transit
REF500385,ORD105584,2026-02-04,60.41,Arrived late
REF500386,ORD105593,2026-02-13,33.64,Damaged in transit
REF500387,ORD105603,2026-02-10,392.0,Not as described
REF500388,ORD105628,2026-02-03,196.0,Changed mind
REF500389,ORD105653,2026-02-09,49.66,Damaged in transit
REF500390,ORD105658,2026-02-15,28.95,Changed mind
REF500391,ORD105667,2026-02-04,72.95,Damaged in transit
REF500392,ORD105684,2026-02-16,58.9,Skin reaction
REF500393,ORD105719,2026-02-05,22.64,Changed mind
REF500394,ORD105745,2026-02-20,48.95,Not as described
REF500395,ORD105747,2026-02-15,44.95,Skin reaction
REF500396,ORD105760,2026-02-19,45.9,Skin reaction
REF500397,ORD105770,2026-02-03,98.0,Damaged in transit
REF500398,ORD105777,2026-02-17,23.19,Changed mind
REF500399,ORD105790,2026-02-17,84.0,Changed mind
REF500400,ORD105792,2026-02-18,66.82,Changed mind
REF500401,ORD105799,2026-02-11,89.67,Changed mind
REF500402,ORD105833,2026-02-05,62.95,Changed mind
REF500403,ORD105836,2026-02-20,73.59,Not as described
REF500404,ORD105839,2026-02-22,40.12,Skin reaction
REF500405,ORD105863,2026-02-19,42.67,Not as described
REF500406,ORD105881,2026-02-21,58.95,Changed mind
REF500407,ORD105895,2026-02-06,34.95,Changed mind
REF500408,ORD105915,2026-02-08,30.95,Skin reaction
REF500409,ORD105938,2026-02-07,24.04,Not as described
REF500410,ORD105956,2026-02-24,29.48,Not as described
REF500411,ORD105957,2026-02-12,36.16,Damaged in transit
REF500412,ORD105964,2026-02-13,29.05,Damaged in transit
REF500413,ORD105965,2026-02-17,34.95,Changed mind
REF500414,ORD105976,2026-02-12,28.95,Arrived late
REF500415,ORD105987,2026-02-27,38.95,Arrived late
REF500416,ORD105988,2026-02-17,33.14,Damaged in transit
REF500417,ORD106006,2026-02-18,17.48,Changed mind
REF500418,ORD106052,2026-02-19,103.58,Damaged in transit
REF500419,ORD106065,2026-02-25,52.79,Arrived late
REF500420,ORD106104,2026-02-24,17.48,Damaged in transit
REF500421,ORD106107,2026-02-26,40.95,Damaged in transit
REF500422,ORD106158,2026-02-18,52.09,Arrived late
REF500423,ORD106170,2026-02-26,47.55,Not as described
REF500424,ORD106248,2026-03-03,30.95,Changed mind
REF500425,ORD106258,2026-03-05,34.26,Changed mind
REF500426,ORD106276,2026-02-16,168.0,Changed mind
REF500427,ORD106291,2026-02-17,58.95,Not as described
REF500428,ORD106302,2026-02-22,96.0,Changed mind
REF500429,ORD106344,2026-02-17,37.96,Damaged in transit
REF500430,ORD106345,2026-03-04,44.95,Changed mind
REF500431,ORD106365,2026-03-06,62.25,Damaged in transit
REF500432,ORD106366,2026-02-28,52.39,Not as described
REF500433,ORD106385,2026-03-04,19.48,Changed mind
REF500434,ORD106405,2026-03-09,72.49,Skin reaction
REF500435,ORD106421,2026-02-27,21.08,Arrived late
REF500436,ORD106450,2026-02-23,46.06,Arrived late
REF500437,ORD106465,2026-02-20,30.95,Damaged in transit
REF500438,ORD106474,2026-03-04,52.65,Changed mind
REF500439,ORD106476,2026-03-06,38.95,Not as described
REF500440,ORD106477,2026-03-07,28.95,Skin reaction
REF500441,ORD106520,2026-02-22,54.95,Changed mind
REF500442,ORD106548,2026-03-03,103.78,Arrived late
REF500443,ORD106552,2026-03-07,107.07,Damaged in transit
REF500444,ORD106595,2026-03-09,59.56,Changed mind
REF500445,ORD106600,2026-03-01,62.95,Skin reaction
REF500446,ORD106602,2026-02-28,43.05,Changed mind
REF500447,ORD106608,2026-03-03,51.65,Changed mind
REF500448,ORD106610,2026-03-14,101.41,Changed mind
REF500449,ORD106615,2026-03-11,35.48,Skin reaction
REF500450,ORD106620,2026-02-25,154.84,Skin reaction
REF500451,ORD106640,2026-03-13,28.95,Damaged in transit
REF500452,ORD106641,2026-03-06,58.95,Changed mind
REF500453,ORD106652,2026-02-28,84.0,Arrived late
REF500454,ORD106662,2026-02-26,31.32,Not as described
REF500455,ORD106682,2026-02-27,78.9,Not as described
REF500456,ORD106716,2026-02-27,62.95,Arrived late
REF500457,ORD106746,2026-02-28,225.85,Skin reaction
REF500458,ORD106754,2026-03-07,37.65,Arrived late
REF500459,ORD106774,2026-03-06,319.28,Damaged in transit
REF500460,ORD106806,2026-03-03,20.6,Changed mind
REF500461,ORD106836,2026-03-12,34.95,Arrived late
REF500462,ORD106841,2026-03-13,26.85,Damaged in transit
REF500463,ORD106874,2026-03-17,27.48,Not as described
REF500464,ORD106877,2026-03-12,66.89,Changed mind
REF500465,ORD106878,2026-03-20,31.48,Skin reaction
REF500466,ORD106879,2026-03-10,83.51,Changed mind
REF500467,ORD106892,2026-03-11,49.08,Skin reaction
REF500468,ORD106918,2026-03-18,95.3,Damaged in transit
REF500469,ORD106942,2026-03-10,38.95,Arrived late
REF500470,ORD106967,2026-03-06,62.96,Changed mind
REF500471,ORD106992,2026-03-12,26.28,Arrived late
REF500472,ORD107000,2026-03-14,84.0,Damaged in transit
REF500473,ORD107015,2026-03-18,35.23,Arrived late
REF500474,ORD107017,2026-03-23,86.97,Skin reaction
REF500475,ORD107021,2026-03-15,53.07,Skin reaction
REF500476,ORD107025,2026-03-07,152.0,Skin reaction
REF500477,ORD107026,2026-03-23,62.95,Arrived late
REF500478,ORD107039,2026-03-07,58.95,Skin reaction
REF500479,ORD107064,2026-03-15,98.0,Skin reaction
REF500480,ORD107070,2026-03-14,23.25,Damaged in transit
REF500481,ORD107080,2026-03-07,29.64,Damaged in transit
REF500482,ORD107104,2026-03-24,13.5,Changed mind
REF500483,ORD107107,2026-03-12,59.96,Changed mind
REF500484,ORD107138,2026-03-21,83.09,Skin reaction
REF500485,ORD107147,2026-03-19,57.75,Damaged in transit
REF500486,ORD107152,2026-03-10,29.48,Arrived late
REF500487,ORD107161,2026-03-16,30.95,Changed mind
REF500488,ORD107178,2026-03-14,30.95,Arrived late
REF500489,ORD107207,2026-03-15,168.7,Arrived late
REF500490,ORD107224,2026-03-12,112.0,Changed mind
REF500491,ORD107237,2026-03-25,24.48,Not as described
REF500492,ORD107239,2026-03-26,426.18,Changed mind
REF500493,ORD107256,2026-03-13,196.0,Arrived late
REF500494,ORD107286,2026-03-14,54.95,Skin reaction
REF500495,ORD107315,2026-03-19,168.0,Changed mind
REF500496,ORD107318,2026-03-15,54.95,Damaged in transit
REF500497,ORD107319,2026-03-24,15.48,Changed mind
REF500498,ORD107339,2026-03-19,31.48,Skin reaction
REF500499,ORD107343,2026-03-19,54.95,Not as described
REF500500,ORD107346,2026-03-19,96.0,Changed mind
REF500501,ORD107347,2026-03-21,38.07,Skin reaction
REF500502,ORD107350,2026-03-20,39.91,Changed mind
REF500503,ORD107353,2026-03-17,104.34,Changed mind
REF500504,ORD107360,2026-03-25,26.03,Changed mind
REF500505,ORD107391,2026-03-21,33.48,Skin reaction
REF500506,ORD107435,2026-03-15,35.81,Changed mind
REF500507,ORD107440,2026-03-27,58.37,Not as described
REF500508,ORD107453,2026-04-01,84.45,Skin reaction
REF500509,ORD107455,2026-04-01,28.95,Skin reaction
REF500510,ORD107466,2026-04-02,96.0,Damaged in transit
REF500511,ORD107468,2026-03-20,15.6,Arrived late
REF500512,ORD107479,2026-04-03,96.0,Changed mind
REF500513,ORD107486,2026-03-30,94.23,Changed mind
REF500514,ORD107502,2026-03-23,26.76,Arrived late
REF500515,ORD107518,2026-04-04,51.0,Skin reaction
REF500516,ORD107534,2026-03-23,42.77,Not as described
REF500517,ORD107541,2026-03-29,43.1,Damaged in transit
REF500518,ORD107586,2026-04-02,14.85,Damaged in transit
REF500519,ORD107593,2026-04-05,57.82,Skin reaction
REF500520,ORD107609,2026-03-21,48.95,Changed mind
REF500521,ORD107631,2026-03-23,29.04,Arrived late
REF500522,ORD107661,2026-03-25,48.95,Changed mind
REF500523,ORD107671,2026-03-28,86.01,Changed mind
REF500524,ORD107704,2026-04-06,290.0,Skin reaction
REF500525,ORD107709,2026-03-27,133.94,Not as described
REF500526,ORD107712,2026-04-02,26.41,Changed mind
REF500527,ORD107725,2026-04-06,114.0,Changed mind
REF500528,ORD107746,2026-04-08,51.04,Changed mind
REF500529,ORD107747,2026-04-05,31.48,Skin reaction
REF500530,ORD107776,2026-03-30,70.95,Skin reaction
REF500531,ORD107781,2026-03-24,44.95,Changed mind
REF500532,ORD107795,2026-03-31,28.95,Arrived late
REF500533,ORD107801,2026-04-06,29.3,Arrived late
REF500534,ORD107807,2026-03-29,53.72,Not as described
REF500535,ORD107815,2026-04-09,30.95,Damaged in transit
REF500536,ORD107822,2026-04-04,16.71,Skin reaction
REF500537,ORD107824,2026-04-06,54.95,Changed mind
REF500538,ORD107853,2026-03-29,54.13,Arrived late
REF500539,ORD107889,2026-03-28,72.5,Damaged in transit
REF500540,ORD107895,2026-03-29,38.95,Not as described
REF500541,ORD107897,2026-04-03,98.0,Not as described
REF500542,ORD107905,2026-03-27,26.8,Not as described
REF500543,ORD107912,2026-04-09,155.03,Skin reaction
REF500544,ORD107936,2026-04-13,51.9,Not as described
REF500545,ORD107937,2026-04-06,87.28,Damaged in transit
REF500546,ORD107938,2026-04-03,81.17,Damaged in transit
REF500547,ORD107942,2026-04-08,14.48,Not as described
REF500548,ORD107954,2026-04-06,58.59,Not as described
REF500549,ORD107997,2026-04-03,43.19,Not as described
REF500550,ORD108001,2026-04-07,30.95,Changed mind
REF500551,ORD108007,2026-04-05,30.98,Arrived late
REF500552,ORD108018,2026-04-01,580.0,Changed mind
REF500553,ORD108029,2026-04-12,56.0,Changed mind
REF500554,ORD108061,2026-04-10,101.72,Changed mind
REF500555,ORD108074,2026-04-08,42.81,Damaged in transit
REF500556,ORD108092,2026-04-07,31.48,Not as described
REF500557,ORD108104,2026-04-17,27.88,Damaged in transit
REF500558,ORD108122,2026-04-14,105.05,Changed mind
REF500559,ORD108125,2026-04-13,114.23,Damaged in transit
REF500560,ORD108149,2026-04-13,48.85,Skin reaction
REF500561,ORD108155,2026-04-16,34.26,Changed mind
REF500562,ORD108173,2026-04-17,51.9,Not as described
REF500563,ORD108181,2026-04-17,59.45,Damaged in transit
REF500564,ORD108193,2026-04-17,76.39,Arrived late
REF500565,ORD108197,2026-04-14,40.95,Changed mind
REF500566,ORD108198,2026-04-07,81.07,Skin reaction
REF500567,ORD108209,2026-04-05,58.95,Not as described
REF500568,ORD108213,2026-04-08,62.95,Changed mind
REF500569,ORD108232,2026-04-07,126.0,Damaged in transit
REF500570,ORD108254,2026-04-17,41.87,Damaged in transit
REF500571,ORD108258,2026-04-09,49.0,Arrived late
REF500572,ORD108266,2026-04-19,44.95,Skin reaction
REF500573,ORD108270,2026-04-20,37.49,Changed mind
REF500574,ORD108274,2026-04-10,98.0,Changed mind
REF500575,ORD108292,2026-04-19,17.93,Changed mind
REF500576,ORD108304,2026-04-05,14.48,Damaged in transit
REF500577,ORD108316,2026-04-20,37.46,Skin reaction
REF500578,ORD108329,2026-04-14,44.45,Changed mind
REF500579,ORD108350,2026-04-20,33.05,Changed mind
REF500580,ORD108385,2026-04-15,54.07,Not as described
REF500581,ORD108409,2026-04-16,16.92,Skin reaction
REF500582,ORD108459,2026-04-13,38.95,Changed mind
REF500583,ORD108466,2026-04-13,42.54,Changed mind
REF500584,ORD108498,2026-04-15,118.8,Skin reaction
REF500585,ORD108500,2026-04-19,105.42,Not as described
REF500586,ORD108501,2026-04-09,44.95,Skin reaction
REF500587,ORD108512,2026-04-21,93.21,Damaged in transit
REF500588,ORD108547,2026-04-18,64.61,Changed mind
REF500589,ORD108556,2026-04-18,359.18,Skin reaction
REF500590,ORD108577,2026-04-14,32.13,Changed mind
REF500591,ORD108583,2026-04-22,42.0,Changed mind
REF500592,ORD108600,2026-04-15,120.73,Changed mind
REF500593,ORD108648,2026-04-26,145.0,Changed mind
REF500594,ORD108656,2026-04-28,74.95,Changed mind
REF500595,ORD108673,2026-04-28,29.2,Arrived late
REF500596,ORD108688,2026-04-30,44.95,Not as described
REF500597,ORD108701,2026-04-30,31.51,Skin reaction
REF500598,ORD108702,2026-05-01,104.26,Not as described
REF500599,ORD108732,2026-04-24,89.24,Not as described
REF500600,ORD108750,2026-04-27,58.87,Not as described
REF500601,ORD108753,2026-05-02,31.48,Not as described
REF500602,ORD108761,2026-04-14,30.96,Damaged in transit
REF500603,ORD108790,2026-04-16,45.42,Changed mind
REF500604,ORD108791,2026-04-23,118.5,Skin reaction
REF500605,ORD108813,2026-05-02,27.98,Not as described
REF500606,ORD108820,2026-04-16,41.19,Not as described
REF500607,ORD108830,2026-04-29,62.95,Not as described
REF500608,ORD108839,2026-05-03,37.14,Damaged in transit
REF500609,ORD108883,2026-04-16,54.95,Damaged in transit
REF500610,ORD108891,2026-04-25,40.95,Changed mind
REF500611,ORD108901,2026-04-27,72.5,Skin reaction
REF500612,ORD108943,2026-04-27,145.0,Damaged in transit
REF500613,ORD108953,2026-05-03,28.95,Damaged in transit
REF500614,ORD108968,2026-04-30,96.0,Skin reaction
REF500615,ORD108983,2026-04-28,22.48,Changed mind
REF500616,ORD109040,2026-04-29,62.95,Arrived late
REF500617,ORD109042,2026-05-07,27.48,Skin reaction
REF500618,ORD109048,2026-05-01,22.3,Skin reaction
REF500619,ORD109061,2026-04-25,153.01,Skin reaction
REF500620,ORD109074,2026-04-24,62.95,Not as described
REF500621,ORD109139,2026-04-27,48.95,Damaged in transit
REF500622,ORD109149,2026-05-01,45.28,Arrived late
REF500623,ORD109172,2026-04-26,48.79,Skin reaction
REF500624,ORD109173,2026-05-09,44.49,Arrived late
REF500625,ORD109180,2026-05-01,78.95,Damaged in transit
REF500626,ORD109183,2026-04-25,33.02,Damaged in transit
REF500627,ORD109193,2026-05-10,78.58,Changed mind
REF500628,ORD109194,2026-04-25,32.74,Skin reaction
REF500629,ORD109213,2026-05-08,145.0,Damaged in transit
REF500630,ORD109222,2026-04-26,36.48,Changed mind
REF500631,ORD109232,2026-05-11,13.74,Changed mind
REF500632,ORD109234,2026-04-26,99.36,Changed mind
REF500633,ORD109235,2026-05-02,197.2,Changed mind
REF500634,ORD109242,2026-05-04,54.95,Arrived late
REF500635,ORD109258,2026-05-08,17.48,Damaged in transit
REF500636,ORD109269,2026-04-26,65.46,Damaged in transit
REF500637,ORD109301,2026-05-13,168.0,Not as described
REF500638,ORD109312,2026-05-01,63.57,Changed mind
REF500639,ORD109338,2026-04-29,103.02,Changed mind
REF500640,ORD109346,2026-05-01,44.95,Damaged in transit
REF500641,ORD109348,2026-05-15,102.6,Skin reaction
REF500642,ORD109391,2026-05-04,15.28,Arrived late
REF500643,ORD109452,2026-05-12,192.0,Skin reaction
REF500644,ORD109465,2026-05-14,54.11,Changed mind
REF500645,ORD109487,2026-05-17,29.94,Damaged in transit
REF500646,ORD109499,2026-05-08,18.8,Skin reaction
REF500647,ORD109500,2026-05-14,44.0,Changed mind
REF500648,ORD109501,2026-04-30,84.96,Damaged in transit
REF500649,ORD109513,2026-05-12,54.95,Not as described
REF500650,ORD109544,2026-05-11,81.97,Changed mind
REF500651,ORD109569,2026-05-05,28.57,Arrived late
REF500652,ORD109592,2026-05-15,32.71,Damaged in transit
REF500653,ORD109617,2026-05-15,37.27,Changed mind
REF500654,ORD109628,2026-05-14,47.79,Changed mind
REF500655,ORD109656,2026-05-07,98.0,Not as described
REF500656,ORD109666,2026-05-05,42.0,Skin reaction
REF500657,ORD109668,2026-05-15,38.12,Arrived late
REF500658,ORD109672,2026-05-09,30.95,Changed mind
REF500659,ORD109681,2026-05-22,70.95,Not as described
REF500660,ORD109687,2026-05-04,48.95,Skin reaction
REF500661,ORD109695,2026-05-16,22.48,Changed mind
REF500662,ORD109707,2026-05-06,44.95,Skin reaction
REF500663,ORD109713,2026-05-16,50.95,Changed mind
REF500664,ORD109726,2026-05-08,156.48,Changed mind
REF500665,ORD109728,2026-05-08,61.0,Damaged in transit
REF500666,ORD109731,2026-05-21,34.89,Changed mind
REF500667,ORD109760,2026-05-18,76.0,Changed mind
REF500668,ORD109773,2026-05-21,16.88,Damaged in transit
REF500669,ORD109801,2026-05-14,69.83,Arrived late
REF500670,ORD109804,2026-05-14,98.0,Skin reaction
REF500671,ORD109808,2026-05-21,48.95,Damaged in transit
REF500672,ORD109814,2026-05-12,31.29,Skin reaction
REF500673,ORD109845,2026-05-19,28.95,Arrived late
REF500674,ORD109852,2026-05-14,38.0,Arrived late
REF500675,ORD109865,2026-05-14,54.01,Damaged in transit
REF500676,ORD109871,2026-05-17,44.71,Arrived late
REF500677,ORD109872,2026-05-19,30.95,Not as described
REF500678,ORD109874,2026-05-08,56.0,Changed mind
REF500679,ORD109892,2026-05-16,24.48,Changed mind
REF500680,ORD109894,2026-05-13,60.12,Arrived late
REF500681,ORD109905,2026-05-21,24.48,Skin reaction
REF500682,ORD109911,2026-05-09,29.64,Changed mind
REF500683,ORD109925,2026-05-11,24.22,Not as described
REF500684,ORD109927,2026-05-24,15.48,Changed mind
REF500685,ORD109928,2026-05-13,33.83,Arrived late
REF500686,ORD109937,2026-05-11,62.95,Changed mind
REF500687,ORD109942,2026-05-22,41.98,Arrived late
REF500688,ORD109946,2026-05-26,53.56,Skin reaction
REF500689,ORD109963,2026-05-24,54.95,Skin reaction
REF500690,ORD109998,2026-05-16,109.8,Changed mind
REF500691,ORD110004,2026-05-26,112.0,Changed mind
REF500692,ORD110060,2026-05-20,119.43,Skin reaction
REF500693,ORD110074,2026-05-28,106.66,Skin reaction
REF500694,ORD110094,2026-05-23,38.07,Damaged in transit
REF500695,ORD110130,2026-05-20,53.28,Changed mind
REF500696,ORD110135,2026-05-17,102.07,Arrived late
REF500697,ORD110157,2026-05-21,19.48,Changed mind
REF500698,ORD110182,2026-05-31,53.14,Changed mind
REF500699,ORD110211,2026-05-22,58.59,Damaged in transit
REF500700,ORD110234,2026-05-25,42.0,Changed mind
REF500701,ORD110237,2026-05-30,68.17,Skin reaction
REF500702,ORD110242,2026-05-29,41.77,Skin reaction
REF500703,ORD110244,2026-05-31,137.95,Changed mind
REF500704,ORD110251,2026-05-21,54.95,Arrived late
REF500705,ORD110270,2026-05-24,22.48,Not as described
REF500706,ORD110271,2026-05-18,96.39,Not as described
REF500707,ORD110272,2026-06-01,87.63,Not as described
REF500708,ORD110288,2026-05-22,58.97,Damaged in transit
REF500709,ORD110289,2026-05-22,52.14,Skin reaction
REF500710,ORD110298,2026-05-30,26.16,Skin reaction
REF500711,ORD110303,2026-05-23,24.48,Changed mind
REF500712,ORD110308,2026-05-29,112.0,Changed mind
REF500713,ORD110321,2026-05-31,49.0,Arrived late
REF500714,ORD110327,2026-05-24,43.5,Skin reaction
REF500715,ORD110344,2026-06-03,98.86,Skin reaction
REF500716,ORD110398,2026-06-04,50.95,Arrived late
REF500717,ORD110399,2026-05-24,44.95,Changed mind
REF500718,ORD110410,2026-06-07,44.95,Skin reaction
REF500719,ORD110412,2026-05-27,120.72,Not as described
REF500720,ORD110424,2026-06-01,294.0,Not as described
REF500721,ORD110471,2026-06-04,112.9,Changed mind
REF500722,ORD110475,2026-06-05,83.73,Changed mind
REF500723,ORD110498,2026-06-03,62.23,Not as described
REF500724,ORD110526,2026-06-07,24.48,Skin reaction
REF500725,ORD110540,2026-06-11,48.87,Skin reaction
REF500726,ORD110576,2026-05-26,28.87,Damaged in transit
REF500727,ORD110578,2026-06-04,30.59,Arrived late
REF500728,ORD110581,2026-05-31,56.0,Skin reaction
REF500729,ORD110582,2026-05-25,112.0,Arrived late
REF500730,ORD110588,2026-05-27,66.34,Skin reaction
REF500731,ORD110601,2026-05-31,20.56,Damaged in transit
REF500732,ORD110603,2026-06-09,25.48,Damaged in transit
REF500733,ORD110622,2026-05-31,32.96,Damaged in transit
REF500734,ORD110625,2026-05-28,24.48,Skin reaction
REF500735,ORD110635,2026-05-30,63.09,Changed mind
REF500736,ORD110640,2026-05-30,62.95,Changed mind
REF500737,ORD110645,2026-06-13,239.87,Changed mind
REF500738,ORD110646,2026-06-11,64.95,Changed mind
REF500739,ORD110661,2026-06-12,245.19,Not as described
REF500740,ORD110667,2026-05-28,24.48,Changed mind
REF500741,ORD110670,2026-06-10,57.19,Skin reaction
REF500742,ORD110689,2026-06-12,33.79,Changed mind
REF500743,ORD110737,2026-05-30,67.76,Changed mind
REF500744,ORD110748,2026-06-03,34.95,Damaged in transit
REF500745,ORD110752,2026-06-13,140.75,Changed mind
REF500746,ORD110769,2026-06-04,72.0,Changed mind
REF500747,ORD110770,2026-05-30,40.73,Changed mind
REF500748,ORD110781,2026-05-30,62.95,Changed mind
REF500749,ORD110783,2026-06-02,96.0,Skin reaction
REF500750,ORD110798,2026-05-30,44.95,Skin reaction
REF500751,ORD110811,2026-06-09,47.77,Arrived late
REF500752,ORD110813,2026-06-02,23.67,Changed mind
REF500753,ORD110885,2026-06-14,42.56,Changed mind
REF500754,ORD110920,2026-06-05,49.0,Changed mind
REF500755,ORD110940,2026-06-05,212.28,Skin reaction
REF500756,ORD110949,2026-06-20,54.95,Arrived late
REF500757,ORD110988,2026-06-20,34.95,Changed mind
REF500758,ORD111032,2026-06-08,76.0,Changed mind
REF500759,ORD111066,2026-06-22,104.74,Skin reaction
REF500760,ORD111070,2026-06-09,23.84,Changed mind
REF500761,ORD111075,2026-06-14,32.75,Changed mind
REF500762,ORD111086,2026-06-21,67.78,Changed mind
REF500763,ORD111089,2026-06-08,62.95,Changed mind
REF500764,ORD111100,2026-06-15,41.46,Changed mind
REF500765,ORD111108,2026-06-07,39.14,Arrived late
REF500766,ORD111109,2026-06-24,126.0,Damaged in transit
REF500767,ORD111118,2026-06-20,51.78,Arrived late
REF500768,ORD111135,2026-06-14,76.0,Changed mind
REF500769,ORD111147,2026-06-21,105.08,Skin reaction
REF500770,ORD111154,2026-06-17,166.34,Arrived late
REF500771,ORD111160,2026-06-25,36.76,Changed mind
REF500772,ORD111173,2026-06-23,36.87,Changed mind
REF500773,ORD111177,2026-06-15,40.95,Arrived late
REF500774,ORD111200,2026-06-16,58.44,Not as described
REF500775,ORD111207,2026-06-12,32.93,Changed mind
REF500776,ORD111219,2026-06-23,14.57,Changed mind
REF500777,ORD111260,2026-06-22,70.95,Not as described
REF500778,ORD111263,2026-06-18,59.44,Changed mind
REF500779,ORD111275,2026-06-18,40.95,Damaged in transit
REF500780,ORD111277,2026-06-20,52.79,Not as described
REF500781,ORD111291,2026-06-21,54.95,Skin reaction
REF500782,ORD111295,2026-06-22,33.39,Damaged in transit
REF500783,ORD111296,2026-06-15,36.51,Changed mind
REF500784,ORD111307,2026-06-15,23.04,Damaged in transit
REF500785,ORD111315,2026-06-15,35.44,Damaged in transit
REF500786,ORD111333,2026-06-23,49.0,Damaged in transit
REF500787,ORD111365,2026-06-19,33.91,Skin reaction
REF500788,ORD111374,2026-06-19,30.04,Changed mind
REF500789,ORD111385,2026-06-16,50.03,Changed mind
REF500790,ORD111416,2026-06-25,31.96,Damaged in transit
REF500791,ORD111421,2026-06-26,62.95,Skin reaction
REF500792,ORD111426,2026-06-26,30.95,Skin reaction
REF500793,ORD111436,2026-06-19,28.95,Not as described
REF500794,ORD111444,2026-06-28,31.48,Changed mind
REF500795,ORD111457,2026-07-01,29.93,Changed mind
REF500796,ORD111464,2026-06-28,38.95,Arrived late
REF500797,ORD111466,2026-06-28,52.64,Skin reaction
REF500798,ORD111495,2026-06-27,62.85,Changed mind
REF500799,ORD111505,2026-06-30,72.95,Skin reaction
REF500800,ORD111511,2026-06-22,52.04,Damaged in transit
REF500801,ORD111516,2026-07-04,72.5,Changed mind
REF500802,ORD111518,2026-07-05,48.95,Not as described
REF500803,ORD111542,2026-06-25,154.87,Changed mind
REF500804,ORD111557,2026-06-26,196.0,Skin reaction
REF500805,ORD111562,2026-06-23,54.95,Changed mind
REF500806,ORD111588,2026-07-07,15.48,Not as described
REF500807,ORD111592,2026-06-24,52.55,Changed mind
REF500808,ORD111601,2026-06-23,94.72,Skin reaction
REF500809,ORD111608,2026-06-23,55.5,Damaged in transit
REF500810,ORD111622,2026-07-03,158.51,Changed mind
REF500811,ORD111623,2026-07-05,27.48,Changed mind
REF500812,ORD111627,2026-07-01,15.48,Not as described
REF500813,ORD111639,2026-06-21,70.95,Damaged in transit
REF500814,ORD111664,2026-06-21,54.95,Not as described
REF500815,ORD111670,2026-07-07,31.48,Arrived late
REF500816,ORD111673,2026-07-03,28.19,Not as described
REF500817,ORD111681,2026-07-02,158.15,Arrived late
REF500818,ORD111704,2026-07-01,59.88,Damaged in transit
REF500819,ORD111713,2026-06-30,30.76,Skin reaction
REF500820,ORD111730,2026-07-10,64.12,Changed mind
REF500821,ORD111732,2026-07-05,59.42,Changed mind
REF500822,ORD111743,2026-07-09,34.18,Skin reaction
REF500823,ORD111760,2026-07-07,16.39,Changed mind
REF500824,ORD111775,2026-07-04,311.92,Skin reaction
REF500825,ORD111786,2026-07-05,28.59,Changed mind
REF500826,ORD111792,2026-07-09,98.0,Damaged in transit
REF500827,ORD111798,2026-07-09,30.95,Skin reaction
REF500828,ORD111799,2026-06-30,43.78,Skin reaction
REF500829,ORD111829,2026-07-12,35.28,Not as described
REF500830,ORD111833,2026-07-06,52.42,Not as described
REF500831,ORD111846,2026-06-27,112.0,Not as described
REF500832,ORD111848,2026-07-03,52.68,Skin reaction
REF500833,ORD111864,2026-07-05,15.48,Skin reaction
REF500834,ORD111884,2026-06-30,52.41,Damaged in transit
REF500835,ORD111920,2026-06-28,56.67,Not as described
REF500836,ORD111929,2026-06-28,50.95,Changed mind
REF500837,ORD111949,2026-07-05,54.95,Skin reaction
REF500838,ORD111950,2026-07-01,44.95,Changed mind
REF500839,ORD111955,2026-07-03,125.25,Not as described
REF500840,ORD111956,2026-07-01,90.5,Changed mind
REF500841,ORD111964,2026-06-28,104.42,Arrived late
REF500842,ORD111970,2026-06-30,66.62,Changed mind
REF500843,ORD112001,2026-07-17,67.01,Arrived late
REF500844,ORD112014,2026-07-09,28.95,Arrived late
REF500845,ORD112025,2026-07-07,22.48,Changed mind
REF500846,ORD112059,2026-07-04,47.68,Changed mind
REF500847,ORD112063,2026-07-01,42.14,Not as described
REF500848,ORD112085,2026-07-03,74.95,Arrived late
REF500849,ORD112087,2026-07-03,16.43,Changed mind
REF500850,ORD112117,2026-07-02,145.0,Not as described
REF500851,ORD112129,2026-07-03,62.47,Changed mind
REF500852,ORD112134,2026-07-13,54.19,Skin reaction
REF500853,ORD112139,2026-07-21,45.54,Changed mind
REF500854,ORD112142,2026-07-06,158.28,Arrived late
REF500855,ORD112143,2026-07-07,32.89,Skin reaction
REF500856,ORD112163,2026-07-12,47.92,Arrived late
REF500857,ORD112174,2026-07-15,31.48,Arrived late
REF500858,ORD112175,2026-07-16,42.9,Arrived late
REF500859,ORD112179,2026-07-14,86.05,Changed mind
REF500860,ORD112198,2026-07-14,28.38,Damaged in transit
REF500861,ORD112272,2026-07-21,70.95,Arrived late
REF500862,ORD112275,2026-07-07,160.95,Not as described
REF500863,ORD112315,2026-07-19,46.63,Skin reaction
REF500864,ORD112331,2026-07-14,25.2,Damaged in transit
REF500865,ORD112344,2026-07-17,59.58,Damaged in transit
REF500866,ORD112355,2026-07-16,81.99,Skin reaction
REF500867,ORD112359,2026-07-26,54.95,Changed mind
REF500868,ORD112368,2026-07-17,84.0,Arrived late
REF500869,ORD112381,2026-07-13,18.96,Arrived late
REF500870,ORD112389,2026-07-14,145.0,Changed mind
REF500871,ORD112418,2026-07-22,27.48,Not as described
REF500872,ORD112446,2026-07-12,30.95,Changed mind
REF500873,ORD112453,2026-07-13,99.09,Arrived late
REF500874,ORD112473,2026-07-25,30.95,Damaged in transit
REF500875,ORD112490,2026-07-28,34.95,Not as described
REF500876,ORD112496,2026-07-23,67.85,Not as described
REF500877,ORD112510,2026-07-17,52.3,Skin reaction
REF500878,ORD112519,2026-07-25,89.3,Not as described
REF500879,ORD112531,2026-07-29,64.5,Skin reaction
REF500880,ORD112546,2026-07-28,49.0,Skin reaction
REF500881,ORD112554,2026-07-28,580.0,Skin reaction
REF500882,ORD112579,2026-07-29,31.48,Changed mind
REF500883,ORD112587,2026-07-19,65.05,Changed mind
REF500884,ORD112602,2026-07-17,41.17,Skin reaction
REF500885,ORD112611,2026-07-31,89.14,Not as described
REF500886,ORD112613,2026-07-22,41.31,Skin reaction
REF500887,ORD112622,2026-07-15,31.48,Changed mind
REF500888,ORD112624,2026-07-17,54.95,Not as described
REF500889,ORD112632,2026-07-28,29.14,Not as described
REF500890,ORD112655,2026-07-26,16.75,Changed mind
REF500891,ORD112660,2026-07-21,40.77,Not as described
REF500892,ORD112688,2026-07-20,23.78,Changed mind
REF500893,ORD112695,2026-07-30,34.03,Not as described
REF500894,ORD112701,2026-07-21,62.95,Skin reaction
REF500895,ORD112703,2026-08-04,38.95,Not as described
REF500896,ORD112723,2026-07-31,48.95,Skin reaction
REF500897,ORD112731,2026-07-26,98.0,Changed mind
REF500898,ORD112743,2026-07-28,59.35,Skin reaction
REF500899,ORD112749,2026-07-23,14.48,Arrived late
REF500900,ORD112753,2026-07-31,98.0,Not as described
REF500901,ORD112754,2026-07-21,31.25,Skin reaction
REF500902,ORD112776,2026-07-31,54.95,Not as described
REF500903,ORD112808,2026-08-01,48.95,Damaged in transit
REF500904,ORD112820,2026-08-01,48.64,Changed mind
REF500905,ORD112835,2026-08-03,59.32,Skin reaction
REF500906,ORD112847,2026-07-29,34.95,Skin reaction
REF500907,ORD112875,2026-07-28,84.0,Skin reaction
REF500908,ORD112880,2026-08-03,104.51,Changed mind
REF500909,ORD112885,2026-07-29,49.4,Arrived late
REF500910,ORD112898,2026-08-09,19.48,Damaged in transit
REF500911,ORD112911,2026-08-03,119.51,Skin reaction
REF500912,ORD112930,2026-07-28,16.94,Skin reaction
REF500913,ORD112941,2026-08-09,62.95,Damaged in transit
REF500914,ORD112976,2026-08-01,24.04,Not as described
REF500915,ORD112978,2026-07-30,112.0,Damaged in transit
REF500916,ORD112986,2026-07-30,41.43,Changed mind
REF500917,ORD112993,2026-08-10,145.0,Skin reaction
REF500918,ORD112997,2026-08-06,72.5,Changed mind
REF500919,ORD113006,2026-08-06,39.48,Changed mind
REF500920,ORD113017,2026-08-01,62.95,Damaged in transit
REF500921,ORD113031,2026-08-01,106.37,Changed mind
REF500922,ORD113058,2026-08-06,58.95,Damaged in transit
REF500923,ORD113078,2026-08-10,98.0,Damaged in transit
REF500924,ORD113080,2026-08-10,17.37,Skin reaction
REF500925,ORD113087,2026-08-03,145.0,Skin reaction
REF500926,ORD113090,2026-08-14,68.1,Skin reaction
REF500927,ORD113100,2026-07-28,66.75,Damaged in transit
REF500928,ORD113106,2026-08-12,128.0,Changed mind
REF500929,ORD113114,2026-08-13,48.0,Changed mind
REF500930,ORD113116,2026-08-11,41.62,Changed mind
REF500931,ORD113160,2026-08-05,54.95,Not as described
REF500932,ORD113186,2026-08-11,29.48,Skin reaction
REF500933,ORD113223,2026-08-10,25.58,Changed mind
REF500934,ORD113225,2026-08-05,54.95,Damaged in transit
REF500935,ORD113241,2026-08-16,67.19,Changed mind
REF500936,ORD113291,2026-08-18,52.43,Arrived late
REF500937,ORD113295,2026-08-03,132.19,Damaged in transit
REF500938,ORD113313,2026-08-03,53.02,Changed mind
REF500939,ORD113315,2026-08-16,54.09,Arrived late
REF500940,ORD113342,2026-08-16,44.95,Changed mind
REF500941,ORD113389,2026-08-08,208.0,Not as described
REF500942,ORD113409,2026-08-19,28.75,Changed mind
REF500943,ORD113441,2026-08-19,48.7,Changed mind
REF500944,ORD113445,2026-08-06,112.0,Skin reaction
REF500945,ORD113449,2026-08-21,60.0,Damaged in transit
REF500946,ORD113486,2026-08-24,45.49,Arrived late
REF500947,ORD113522,2026-08-15,86.32,Damaged in transit
REF500948,ORD113532,2026-08-14,80.05,Damaged in transit
REF500949,ORD113557,2026-08-08,51.29,Arrived late
REF500950,ORD113566,2026-08-24,38.01,Skin reaction
REF500951,ORD113573,2026-08-18,54.95,Changed mind
REF500952,ORD113591,2026-08-13,47.26,Not as described
REF500953,ORD113603,2026-08-09,25.04,Changed mind
REF500954,ORD113619,2026-08-23,122.47,Arrived late
REF500955,ORD113625,2026-08-27,32.64,Not as described
REF500956,ORD113644,2026-08-13,30.92,Changed mind
REF500957,ORD113674,2026-08-15,119.23,Changed mind
REF500958,ORD113703,2026-08-17,66.51,Changed mind
REF500959,ORD113722,2026-08-22,30.95,Skin reaction
REF500960,ORD113724,2026-08-15,45.31,Skin reaction
REF500961,ORD113728,2026-08-22,68.38,Damaged in transit
REF500962,ORD113734,2026-08-23,60.52,Skin reaction
REF500963,ORD113767,2026-08-23,40.95,Not as described
REF500964,ORD113777,2026-08-30,21.88,Skin reaction
REF500965,ORD113806,2026-08-14,36.95,Skin reaction
REF500966,ORD113817,2026-08-29,38.0,Changed mind
REF500967,ORD113819,2026-08-31,42.0,Not as described
REF500968,ORD113866,2026-08-15,180.7,Skin reaction
REF500969,ORD113870,2026-09-03,47.03,Not as described
REF500970,ORD113892,2026-08-29,112.0,Arrived late
REF500971,ORD113898,2026-08-22,42.27,Not as described
REF500972,ORD113933,2026-08-20,145.0,Skin reaction
REF500973,ORD113940,2026-09-01,96.0,Changed mind
REF500974,ORD113948,2026-08-19,110.73,Arrived late
REF500975,ORD113965,2026-08-22,105.51,Not as described
REF500976,ORD113967,2026-09-02,77.39,Damaged in transit
REF500977,ORD113974,2026-08-23,101.86,Changed mind
REF500978,ORD114004,2026-08-21,17.48,Changed mind
REF500979,ORD114011,2026-08-28,38.95,Arrived late
REF500980,ORD114012,2026-08-29,72.5,Arrived late
REF500981,ORD114020,2026-09-03,62.95,Arrived late
REF500982,ORD114027,2026-08-31,59.29,Changed mind
REF500983,ORD114035,2026-08-25,87.73,Arrived late
REF500984,ORD114068,2026-08-25,67.62,Damaged in transit
REF500985,ORD114079,2026-08-31,59.3,Changed mind
REF500986,ORD114083,2026-08-31,62.95,Changed mind
REF500987,ORD114107,2026-08-24,62.95,Changed mind
REF500988,ORD114111,2026-08-22,48.95,Changed mind
REF500989,ORD114128,2026-08-26,98.0,Changed mind
REF500990,ORD114133,2026-09-02,25.77,Changed mind
REF500991,ORD114166,2026-08-25,20.72,Changed mind
REF500992,ORD114188,2026-09-07,15.48,Changed mind
REF500993,ORD114190,2026-09-09,58.95,Arrived late
REF500994,ORD114193,2026-08-25,48.5,Damaged in transit
REF500995,ORD114195,2026-09-07,62.95,Changed mind
REF500996,ORD114218,2026-08-25,128.0,Changed mind
REF500997,ORD114219,2026-08-25,33.46,Changed mind
REF500998,ORD114244,2026-09-05,47.93,Damaged in transit
REF500999,ORD114264,2026-08-27,20.48,Skin reaction
REF501000,ORD114274,2026-09-08,96.0,Damaged in transit
REF501001,ORD114284,2026-09-02,38.95,Damaged in transit
REF501002,ORD114293,2026-09-02,27.48,Changed mind
REF501003,ORD114345,2026-08-30,290.0,Damaged in transit
REF501004,ORD114361,2026-09-10,46.65,Skin reaction
REF501005,ORD114362,2026-09-04,44.95,Damaged in transit
REF501006,ORD114364,2026-08-31,58.95,Changed mind
REF501007,ORD114376,2026-09-02,37.41,Changed mind
REF501008,ORD114415,2026-09-04,41.3,Not as described
REF501009,ORD114442,2026-09-09,59.78,Skin reaction
REF501010,ORD114443,2026-09-08,44.82,Changed mind
REF501011,ORD114452,2026-09-07,33.38,Not as described
REF501012,ORD114463,2026-09-01,54.95,Not as described
REF501013,ORD114496,2026-09-09,56.99,Skin reaction
REF501014,ORD114520,2026-09-09,27.23,Skin reaction
REF501015,ORD114562,2026-09-02,27.48,Damaged in transit
REF501016,ORD114570,2026-09-07,40.95,Skin reaction
REF501017,ORD114582,2026-09-11,30.95,Changed mind
REF501018,ORD114599,2026-09-20,62.95,Damaged in transit
REF501019,ORD114610,2026-09-18,37.57,Skin reaction
REF501020,ORD114653,2026-09-13,15.76,Changed mind
REF501021,ORD114667,2026-09-10,58.95,Changed mind
REF501022,ORD114716,2026-09-19,31.21,Changed mind
REF501023,ORD114722,2026-09-11,53.57,Changed mind
REF501024,ORD114729,2026-09-16,27.48,Not as described
REF501025,ORD114753,2026-09-24,59.27,Skin reaction
REF501026,ORD114764,2026-09-20,58.24,Arrived late
REF501027,ORD114779,2026-09-10,224.0,Not as described
REF501028,ORD114783,2026-09-19,26.46,Arrived late
REF501029,ORD114785,2026-09-25,56.0,Changed mind
REF501030,ORD114815,2026-09-23,127.38,Changed mind
REF501031,ORD114832,2026-09-10,84.0,Skin reaction
REF501032,ORD114837,2026-09-18,54.95,Not as described
REF501033,ORD114842,2026-09-19,33.41,Changed mind
REF501034,ORD114850,2026-09-16,30.95,Changed mind
REF501035,ORD114853,2026-09-12,80.24,Skin reaction
REF501036,ORD114866,2026-09-12,93.34,Changed mind
REF501037,ORD114884,2026-09-27,51.89,Damaged in transit
REF501038,ORD114907,2026-09-20,82.17,Changed mind
REF501039,ORD114928,2026-09-20,50.95,Skin reaction
REF501040,ORD114934,2026-09-18,34.95,Skin reaction
REF501041,ORD114958,2026-09-21,77.77,Not as described
REF501042,ORD114962,2026-09-17,74.99,Skin reaction
REF501043,ORD114969,2026-09-21,60.1,Changed mind
REF501044,ORD114977,2026-09-27,137.64,Damaged in transit
REF501045,ORD114984,2026-09-18,102.0,Changed mind
REF501046,ORD114993,2026-09-28,27.48,Changed mind
REF501047,ORD114996,2026-09-15,65.32,Damaged in transit
REF501048,ORD115006,2026-09-22,88.61,Damaged in transit
REF501049,ORD115019,2026-09-17,63.14,Skin reaction
REF501050,ORD115050,2026-09-17,51.83,Damaged in transit
REF501051,ORD115055,2026-09-17,54.95,Skin reaction
REF501052,ORD115057,2026-09-14,44.41,Arrived late
REF501053,ORD115062,2026-09-25,42.6,Damaged in transit
REF501054,ORD115066,2026-09-26,224.0,Damaged in transit
REF501055,ORD115084,2026-09-30,209.29,Arrived late
REF501056,ORD115085,2026-09-25,58.32,Changed mind
REF501057,ORD115088,2026-09-18,137.28,Not as described
REF501058,ORD115138,2026-09-17,32.16,Damaged in transit
REF501059,ORD115139,2026-09-28,38.19,Changed mind
REF501060,ORD115140,2026-09-14,55.13,Arrived late
REF501061,ORD115151,2026-10-01,105.09,Not as described
REF501062,ORD115161,2026-09-27,54.28,Changed mind
REF501063,ORD115162,2026-09-18,62.77,Changed mind
REF501064,ORD115163,2026-10-02,30.74,Changed mind
REF501065,ORD115180,2026-09-30,83.68,Changed mind
REF501066,ORD115192,2026-09-20,62.95,Changed mind
REF501067,ORD115204,2026-09-28,16.19,Damaged in transit
REF501068,ORD115224,2026-09-26,24.48,Changed mind
REF501069,ORD115233,2026-10-01,30.95,Skin reaction
REF501070,ORD115235,2026-09-19,28.68,Not as described
REF501071,ORD115239,2026-09-16,49.17,Changed mind
REF501072,ORD115250,2026-09-27,34.95,Skin reaction
